[
    {
        "full": "Zaragoza Miraflores",
        "abbr": "ZMI"
    },
    {
        "full": "Zaragoza Goya",
        "abbr": "ZGO"
    },
    {
        "full": "Zaragoza Portillo",
        "abbr": "ZPO"
    },
    {
        "full": "Zaragoza Delicias",
        "abbr": "ZDE"
    },
    {
        "full": "Utebo",
        "abbr": "UTE"
    },
    {
        "full": "Casetas",
        "abbr": "CAS"
    },
    {
        "full": "Alagón",
        "abbr": "ALA"
    },
    {
        "full": "Cabañas",
        "abbr": "CAB"
    },
    {
        "full": "Pedrola",
        "abbr": "PED"
    },
    {
        "full": "Luceni",
        "abbr": "LUC"
    },
    {
        "full": "Gallur",
        "abbr": "GAL"
    },
    {
        "full": "Cortes",
        "abbr": "COR"
    },
    {
        "full": "Ribaforada",
        "abbr": "RIB"
    },
    {
        "full": "Tudela",
        "abbr": "TUD"
    },
    {
        "full": "Castejón",
        "abbr": "CTJ"
    },
    {
        "full": "Villafranca",
        "abbr": "VIL"
    },
    {
        "full": "Marcilla",
        "abbr": "MAR"
    },
    {
        "full": "Olite Erriberri",
        "abbr": "OLI"
    },
    {
        "full": "Tafalla",
        "abbr": "TAF"
    },
    {
        "full": "Pamplona Iruña",
        "abbr": "PAM"
    },
    {
        "full": "Uharte Arakil",
        "abbr": "UHA"
    },
    {
        "full": "Etxarri Aranatz",
        "abbr": "ETX"
    },
    {
        "full": "Altsasu Pueblo",
        "abbr": "ALT"
    },
    {
        "full": "Araia",
        "abbr": "ARA"
    },
    {
        "full": "Agurain Salvatierra",
        "abbr": "AGU"
    },
    {
        "full": "Alegria Dulantzi",
        "abbr": "ALE"
    },
    {
        "full": "Vitoria Gasteiz",
        "abbr": "VIT"
    },
    {
        "full": "Nanclares Langraiz",
        "abbr": "NAN"
    },
    {
        "full": "La Puebla Arganzón",
        "abbr": "PUE"
    },
    {
        "full": "Manzanos",
        "abbr": "MAN"
    },
    {
        "full": "Miranda",
        "abbr": "MIR"
    },
    {
        "full": "Alfaro",
        "abbr": "ALF"
    },
    {
        "full": "Rincón de Soto",
        "abbr": "RIN"
    },
    {
        "full": "Calahorra",
        "abbr": "CAL"
    },
    {
        "full": "Féculas Navarra",
        "abbr": "FEC"
    },
    {
        "full": "Alcanadre",
        "abbr": "ALC"
    },
    {
        "full": "Logroño",
        "abbr": "LOG"
    }
]